HITId,HITTypeId,Title,Description,Keywords,Reward,CreationTime,MaxAssignments,RequesterAnnotation,AssignmentDurationInSeconds,AutoApprovalDelayInSeconds,Expiration,NumberOfSimilarHITs,LifetimeInSeconds,AssignmentId,WorkerId,AssignmentStatus,AcceptTime,SubmitTime,AutoApprovalTime,ApprovalTime,RejectionTime,RequesterFeedback,WorkTimeInSeconds,LifetimeApprovalRate,Last30DaysApprovalRate,Last7DaysApprovalRate,Input.name,Input.release_year,Input.exp_release_date,Input.developer,Input.esrb,Input.rating,Input.genres,Input.player_perspective,Input.has_multiplayer,Input.platforms,Input.available_on_steam,Input.has_linux_release,Input.has_mac_release,Input.specifier,Answer.selected_attr11,Answer.selected_attr21,Answer.selected_attr31,Answer.selected_attr41,Answer.selected_attr51,Answer.specifier1,Answer.specifier2,Answer.specifier3,Answer.specifier4,Answer.specifier5,Answer.utterance1,Answer.utterance2,Answer.utterance3,Answer.utterance4,Answer.utterance5,Approve,Reject
360ZO6N6J1406LHLA1CMXV6R6DJM90,3ND6XU89DK84JDK980A3QLZ22F4NAP,Write 5 conversational responses about a video game based on its attributes and context (type: request; attributes: 2),"Produce dialogic utterances given specific attributes about video games, such as their name, genre and available platforms","dialog, video game, attributes, writing, entertainment, chat, conversation, creative",$0.40 ,Wed Apr 17 02:30:52 PDT 2019,1,BatchId:3610372;OriginalHitTemplateId:920937336;,3600,1296000,Thu Apr 18 02:30:52 PDT 2019,,,3TY7ZAOG5G6Q6NRZFVLFDR9KYL2K0V,AGRKG3YT3KMD8,Submitted,Wed Apr 17 05:26:50 PDT 2019,Wed Apr 17 05:31:10 PDT 2019,Thu May 02 05:31:10 PDT 2019,,,,260,100% (16/16),100% (16/16),100% (16/16),,Year: <b>2018</b>,,Developer: <b>Hazelight Studios</b>,ESRB content rating: <b>M (for Mature)</b>,,Genres: <b>action-adventure</b>,Player perspective: <b>third person</b>,Has multiplayer: <b>yes</b>,Platform: <b>PlayStation</b>,,,,Specifier: <b></b>,genres,release_year,platforms,developer,player_perspective,easy,long,stunning,classic,smart,Is there an easy action-adventure game out there that you would recommend?,What recent game can you remember that has a nice long gameplay?,Do you know of a PlayStation game that has really stunning graphics?,Do you know of a game from Hazelight Studios that has a classic feel?,Do you know of a third-person game with smart AI?,,
3ROUCZ907FFRDB63P6AHMPQLWCKOOV,3ND6XU89DK84JDK980A3QLZ22F4NAP,Write 5 conversational responses about a video game based on its attributes and context (type: request; attributes: 2),"Produce dialogic utterances given specific attributes about video games, such as their name, genre and available platforms","dialog, video game, attributes, writing, entertainment, chat, conversation, creative",$0.40 ,Wed Apr 17 02:30:52 PDT 2019,1,BatchId:3610372;OriginalHitTemplateId:920937336;,3600,1296000,Thu Apr 18 02:30:52 PDT 2019,,,3NAPMVF0ZX197INTBO0KSAXDP3W72E,A1MW021IG07IMF,Submitted,Wed Apr 17 18:44:33 PDT 2019,Wed Apr 17 18:46:45 PDT 2019,Thu May 02 18:46:45 PDT 2019,,,,132,100% (55/55),100% (55/55),100% (55/55),,Year: <b>2013</b>,,Developer: <b>Rockstar North</b>,ESRB content rating: <b>M (for Mature)</b>,,"Genres: <b>action-adventure, driving/racing, shooter</b>",Player perspective: <b>first person</b>,Has multiplayer: <b>yes</b>,Platform: <b>Xbox</b>,,,,Specifier: <b></b>,developer,esrb,platforms,player_perspective,release_year,offensive,gritty,easiest,oldest,longest,What's the most offensive game that Rockstar North has developed?,Have you played any gritty M rated games lately?,What's the easiest game you've played on the Xbox?,"I'm curious, what's the oldest game you ever played that had a first person perspective?","Of the games released in 2013, which do you think was the longest?",,
30QQTY5GMK5F5AY1465OA9WFO9YU7O,3ND6XU89DK84JDK980A3QLZ22F4NAP,Write 5 conversational responses about a video game based on its attributes and context (type: request; attributes: 2),"Produce dialogic utterances given specific attributes about video games, such as their name, genre and available platforms","dialog, video game, attributes, writing, entertainment, chat, conversation, creative",$0.40 ,Wed Apr 17 02:30:52 PDT 2019,1,BatchId:3610372;OriginalHitTemplateId:920937336;,3600,1296000,Thu Apr 18 02:30:52 PDT 2019,,,32KTQ2V7RE13S5FF03HOLF2HQUV9M5,AGRKG3YT3KMD8,Submitted,Wed Apr 17 05:31:15 PDT 2019,Wed Apr 17 05:35:44 PDT 2019,Thu May 02 05:35:44 PDT 2019,,,,269,100% (16/16),100% (16/16),100% (16/16),,Year: <b>1990</b>,,Developer: <b>Nintendo EAD</b>,ESRB content rating: <b>E (for Everyone)</b>,,Genres: <b>platformer</b>,Player perspective: <b>side view</b>,Has multiplayer: <b>yes</b>,Platform: <b>Nintendo</b>,,,,Specifier: <b></b>,developer,has_multiplayer,release_year,player_perspective,genres,classic,interesting,challenging,easy,elaborate,Do you know of a classic game developed by Nintendo EAD?,What is the most interesting multiplayer game that you have ever played?,What's the most challenging game from 1990 that you have played?,What easy side-view game do you think tops them all?,What platformer game do you think has the most elaborate design?,,
3E24UO25QZB1O50ZPAON5P4UBCR6OP,3ND6XU89DK84JDK980A3QLZ22F4NAP,Write 5 conversational responses about a video game based on its attributes and context (type: request; attributes: 2),"Produce dialogic utterances given specific attributes about video games, such as their name, genre and available platforms","dialog, video game, attributes, writing, entertainment, chat, conversation, creative",$0.40 ,Wed Apr 17 02:30:52 PDT 2019,1,BatchId:3610372;OriginalHitTemplateId:920937336;,3600,1296000,Thu Apr 18 02:30:52 PDT 2019,,,3TUI152ZZC9COFACOJ9CNI432JX1Q4,AGRKG3YT3KMD8,Submitted,Wed Apr 17 05:23:07 PDT 2019,Wed Apr 17 05:26:39 PDT 2019,Thu May 02 05:26:39 PDT 2019,,,,212,100% (16/16),100% (16/16),100% (16/16),,Year: <b>2014</b>,,Developer: <b>The Astronauts</b>,ESRB content rating: <b>M (for Mature)</b>,,"Genres: <b>adventure, indie</b>",Player perspective: <b>first person</b>,Has multiplayer: <b>no</b>,Platform: <b>PC</b>,Available on Steam: <b>yes</b>,Has a Linux release: <b>no</b>,Has a Mac release: <b>no</b>,Specifier: <b></b>,platforms,release_year,genres,has_multiplayer,has_linux_release,immersive,terrible,short,epic,cheap,What is the most immersive game you have played on PC?,What's the most terrible game that you played in the year 2014?,Do you know of any short FPS games?,Do you know of any games with epic storylines that have mutiplayer elements?,Do you know of any cheap games that have been released for Linux?,,
3ZVPAMTJWNO6IBHLTFEDBBMOGDDRGK,3ND6XU89DK84JDK980A3QLZ22F4NAP,Write 5 conversational responses about a video game based on its attributes and context (type: request; attributes: 2),"Produce dialogic utterances given specific attributes about video games, such as their name, genre and available platforms","dialog, video game, attributes, writing, entertainment, chat, conversation, creative",$0.40 ,Wed Apr 17 02:30:52 PDT 2019,1,BatchId:3610372;OriginalHitTemplateId:920937336;,3600,1296000,Thu Apr 18 02:30:52 PDT 2019,,,3QILPRALQ6H9WIH57CQAYYW6BITN88,A1MW021IG07IMF,Submitted,Wed Apr 17 18:46:46 PDT 2019,Wed Apr 17 18:55:02 PDT 2019,Thu May 02 18:55:02 PDT 2019,,,,496,100% (55/55),100% (55/55),100% (55/55),,Year: <b>2015</b>,,Developer: <b>Bloober Team</b>,ESRB content rating: <b>M (for Mature)</b>,,"Genres: <b>adventure, indie, point-and-click</b>",Player perspective: <b>first person</b>,Has multiplayer: <b>no</b>,Platform: <b>PC</b>,Available on Steam: <b>yes</b>,Has a Linux release: <b>no</b>,Has a Mac release: <b>no</b>,Specifier: <b></b>,developer,platforms,genres,esrb,player_perspective,silliest,expensive,shortest,unpleasant,realistic,What do you think is the silliest game made by Bloober Team?,What's the most expensive PC game you ever heard of?,What do you think is the shortest Steam game you ever played?,"Out of all the games with an M rating, which do you think is the most unpleasant?",What do you think is the most realistic first person game out there?,,
32CXT5U14GOJ5O3KEBXUO9SAZT4U8B,3ND6XU89DK84JDK980A3QLZ22F4NAP,Write 5 conversational responses about a video game based on its attributes and context (type: request; attributes: 2),"Produce dialogic utterances given specific attributes about video games, such as their name, genre and available platforms","dialog, video game, attributes, writing, entertainment, chat, conversation, creative",$0.40 ,Wed Apr 17 02:30:52 PDT 2019,1,BatchId:3610372;OriginalHitTemplateId:920937336;,3600,1296000,Thu Apr 18 02:30:52 PDT 2019,,,35LDD5557BQN91Y6408DBOGX1RCKML,A1MW021IG07IMF,Submitted,Wed Apr 17 18:27:34 PDT 2019,Wed Apr 17 18:29:56 PDT 2019,Thu May 02 18:29:56 PDT 2019,,,,142,100% (55/55),100% (55/55),100% (55/55),,Year: <b>2014</b>,,Developer: <b>SCS Software</b>,ESRB content rating: <b>E (for Everyone)</b>,,"Genres: <b>driving/racing, indie, simulation</b>",,Has multiplayer: <b>no</b>,Platform: <b>PC</b>,Available on Steam: <b>yes</b>,Has a Linux release: <b>no</b>,Has a Mac release: <b>no</b>,Specifier: <b></b>,esrb,available_on_steam,has_linux_release,platforms,developer,goofy,ugliest,favorite,quirky,famous,"I'm trying to find a really goofy E rated game to play, do you have one you would suggest?",What do you think is the ugliest game ever released on Steam?,What's your favorite game that you wish had a Linux release but sadly doesn't?,What's a really quirky PC game that you played recently?,What do you think is the most famous game developed by SCS Software?,,
3JU8CV4BRLX9YBI446NWBPVB6HGOPC,3ND6XU89DK84JDK980A3QLZ22F4NAP,Write 5 conversational responses about a video game based on its attributes and context (type: request; attributes: 2),"Produce dialogic utterances given specific attributes about video games, such as their name, genre and available platforms","dialog, video game, attributes, writing, entertainment, chat, conversation, creative",$0.40 ,Wed Apr 17 02:30:52 PDT 2019,1,BatchId:3610372;OriginalHitTemplateId:920937336;,3600,1296000,Thu Apr 18 02:30:52 PDT 2019,,,3SB4CE2TJWHSR0OO6GXXSRTZ3K3XA6,A1MW021IG07IMF,Submitted,Wed Apr 17 18:55:03 PDT 2019,Wed Apr 17 19:03:24 PDT 2019,Thu May 02 19:03:24 PDT 2019,,,,501,100% (55/55),100% (55/55),100% (55/55),,Year: <b>2014</b>,,Developer: <b>EA Canada</b>,ESRB content rating: <b>E 10+ (for Everyone 10 and Older)</b>,,"Genres: <b>simulation, sport</b>",Player perspective: <b>bird view</b>,Has multiplayer: <b>yes</b>,Platform: <b>PlayStation</b>,,,,Specifier: <b></b>,has_multiplayer,release_year,platforms,genres,esrb,dull,disappointing,revolting,simple,soothing,Have you played a multiplayer game recently that was totally dull?,Was there any game released in 2014 that you found to be disappointing?,"I was wondering, was there any game for the PlayStation that you just felt was revolting?",Have you played any sports simulators lately that you would say are simple?,"I'm looking for an E 10+ rated game that is soothing, do you know of any?",,
3TZDZ3Y0JSR3AWVWHFTOD3IO82P198,3ND6XU89DK84JDK980A3QLZ22F4NAP,Write 5 conversational responses about a video game based on its attributes and context (type: request; attributes: 2),"Produce dialogic utterances given specific attributes about video games, such as their name, genre and available platforms","dialog, video game, attributes, writing, entertainment, chat, conversation, creative",$0.40 ,Wed Apr 17 02:30:52 PDT 2019,1,BatchId:3610372;OriginalHitTemplateId:920937336;,3600,1296000,Thu Apr 18 02:30:52 PDT 2019,,,3FTYUGLFSV7HNO7QKK54Q9ALVOQ5D6,A1MW021IG07IMF,Submitted,Wed Apr 17 18:32:42 PDT 2019,Wed Apr 17 18:35:43 PDT 2019,Thu May 02 18:35:43 PDT 2019,,,,181,100% (55/55),100% (55/55),100% (55/55),,Year: <b>2014</b>,,Developer: <b>Tin Man Games</b>,,,"Genres: <b>role-playing, text adventure</b>",,Has multiplayer: <b>no</b>,Platform: <b>PC</b>,Available on Steam: <b>yes</b>,Has a Linux release: <b>yes</b>,Has a Mac release: <b>yes</b>,Specifier: <b></b>,developer,genres,has_mac_release,platforms,has_linux_release,boring,shortest,addictive,funky,frightening,"Out of all the games made by Tin Man Games, what do you think is the most boring?",What's the shortest role-playing text adventure game that you've played?,Do you know a really addictive game that has a Mac release?,"I'm looking for a really funky game on the PC, do you know of a good one you could tell me about?","I'm looking for a frightening game that I can play on Linux, is there one you could recommend to me?",,
3IZPORCT1FUKI7CWDLWVWBYPVDQRHJ,3ND6XU89DK84JDK980A3QLZ22F4NAP,Write 5 conversational responses about a video game based on its attributes and context (type: request; attributes: 2),"Produce dialogic utterances given specific attributes about video games, such as their name, genre and available platforms","dialog, video game, attributes, writing, entertainment, chat, conversation, creative",$0.40 ,Wed Apr 17 02:30:52 PDT 2019,1,BatchId:3610372;OriginalHitTemplateId:920937336;,3600,1296000,Thu Apr 18 02:30:52 PDT 2019,,,3OF2M9AATHAN88XPJPY7JQC6GWVZKK,A1MW021IG07IMF,Submitted,Wed Apr 17 19:17:08 PDT 2019,Wed Apr 17 19:21:25 PDT 2019,Thu May 02 19:21:25 PDT 2019,,,,257,100% (55/55),100% (55/55),100% (55/55),,Year: <b>2013</b>,,Developer: <b>Overkill Software</b>,ESRB content rating: <b>M (for Mature)</b>,,"Genres: <b>role-playing, shooter</b>",Player perspective: <b>first person</b>,Has multiplayer: <b>yes</b>,Platform: <b>Nintendo Switch</b>,,,,Specifier: <b></b>,platforms,developer,release_year,player_perspective,genres,great looking,empowering,spectacular,absorbing,well balanced,What would you say is a great looking game for the Nintendo Switch?,What do you think is a good example of a empowering game developed by Overkill Software?,Was there any game released in 2013 that you thought was spectacular?,Have you played any first person perspective games lately that you would say are really absorbing?,"I'm hoping to play a shooter with role-playing elements that is well balanced, is there any you would recommend?",,
3P888QFVX3FUYNJJ4J2LBULLBD2OQ3,3ND6XU89DK84JDK980A3QLZ22F4NAP,Write 5 conversational responses about a video game based on its attributes and context (type: request; attributes: 2),"Produce dialogic utterances given specific attributes about video games, such as their name, genre and available platforms","dialog, video game, attributes, writing, entertainment, chat, conversation, creative",$0.40 ,Wed Apr 17 02:30:52 PDT 2019,1,BatchId:3610372;OriginalHitTemplateId:920937336;,3600,1296000,Thu Apr 18 02:30:52 PDT 2019,,,3X31TUMD7Y81XIUZWE1G6W59SHN1L0,A1MW021IG07IMF,Submitted,Wed Apr 17 18:35:44 PDT 2019,Wed Apr 17 18:39:59 PDT 2019,Thu May 02 18:39:59 PDT 2019,,,,255,100% (55/55),100% (55/55),100% (55/55),,Year: <b>2011</b>,,Developer: <b>Valve Corporation</b>,ESRB content rating: <b>E 10+ (for Everyone 10 and Older)</b>,,"Genres: <b>platformer, puzzle, shooter</b>",Player perspective: <b>first person</b>,Has multiplayer: <b>yes</b>,Platform: <b>PC</b>,Available on Steam: <b>yes</b>,Has a Linux release: <b>no</b>,Has a Mac release: <b>yes</b>,Specifier: <b></b>,developer,player_perspective,esrb,available_on_steam,release_year,funny,colorful,frightening,cheap,unusual,Do you know of a funny game developed by Valve Corporation?,Have you played any colorful games with a first person perspective lately?,What's the most frightening game you know of that still managed to get an E 10+ rating?,What cheap game that's on Steam right now would you suggest?,What's an unusual game you have played that came out in 2011?,,
3DTJ4WT8BD0H0O7LX1I2XB3BCEHZE4,3ND6XU89DK84JDK980A3QLZ22F4NAP,Write 5 conversational responses about a video game based on its attributes and context (type: request; attributes: 2),"Produce dialogic utterances given specific attributes about video games, such as their name, genre and available platforms","dialog, video game, attributes, writing, entertainment, chat, conversation, creative",$0.40 ,Wed Apr 17 02:30:52 PDT 2019,1,BatchId:3610372;OriginalHitTemplateId:920937336;,3600,1296000,Thu Apr 18 02:30:52 PDT 2019,,,3IXQG4FA2UK79EBI9ERF7ZRNEZY9BV,A1MW021IG07IMF,Submitted,Wed Apr 17 19:10:04 PDT 2019,Wed Apr 17 19:14:05 PDT 2019,Thu May 02 19:14:05 PDT 2019,,,,241,100% (55/55),100% (55/55),100% (55/55),,Year: <b>2001</b>,,Developer: <b>Neversoft Entertainment</b>,ESRB content rating: <b>T (for Teen)</b>,,Genres: <b>sport</b>,Player perspective: <b>third person</b>,Has multiplayer: <b>yes</b>,Platform: <b>Xbox</b>,,,,Specifier: <b></b>,genres,platforms,developer,release_year,esrb,in-depth,brand new,other,broken,scary,Are there any in-depth sport games that you've played lately?,Do you remember the name of that brand new Xbox game?,What other game developed by Neversoft Entertainment have you played?,What do you think was the most broken game that came out in 2001?,What do you think was a good example of a scary game that still only got a T rating from the ESRB?,,
3VP28W7DUN59627HSC28FTOBOFWZFM,3ND6XU89DK84JDK980A3QLZ22F4NAP,Write 5 conversational responses about a video game based on its attributes and context (type: request; attributes: 2),"Produce dialogic utterances given specific attributes about video games, such as their name, genre and available platforms","dialog, video game, attributes, writing, entertainment, chat, conversation, creative",$0.40 ,Wed Apr 17 02:30:52 PDT 2019,1,BatchId:3610372;OriginalHitTemplateId:920937336;,3600,1296000,Thu Apr 18 02:30:52 PDT 2019,,,3FTF2T8WLS4ZXH9T45NBUD48NU9W9E,A1MW021IG07IMF,Submitted,Wed Apr 17 03:02:16 PDT 2019,Wed Apr 17 03:08:16 PDT 2019,Thu May 02 03:08:16 PDT 2019,,,,360,100% (55/55),100% (55/55),100% (55/55),,Year: <b>2014</b>,,Developer: <b>Kunos Simulazioni</b>,ESRB content rating: <b>E (for Everyone)</b>,,"Genres: <b>driving/racing, simulation, sport</b>",Player perspective: <b>third person</b>,Has multiplayer: <b>yes</b>,Platform: <b>PlayStation</b>,,,,Specifier: <b></b>,platforms,has_multiplayer,esrb,release_year,genres,weirdest,addictive,other,favorite,exciting,So what's the weirdest game you got for the PlayStation?,"I'm looking for an addictive game with multiplayer, is there one you would recommend?",What other E rated game can you recommend?,So what is your favorite game that came out in 2014?,"Among sport racing simulators, what do you think is the most exciting game that you played lately?",,
368IUKXGA5TJ95C04A12UP9KLHN6P6,3ND6XU89DK84JDK980A3QLZ22F4NAP,Write 5 conversational responses about a video game based on its attributes and context (type: request; attributes: 2),"Produce dialogic utterances given specific attributes about video games, such as their name, genre and available platforms","dialog, video game, attributes, writing, entertainment, chat, conversation, creative",$0.40 ,Wed Apr 17 02:30:52 PDT 2019,1,BatchId:3610372;OriginalHitTemplateId:920937336;,3600,1296000,Thu Apr 18 02:30:52 PDT 2019,,,324G5B4FB4U2B8KFW1W69M4YS5D70V,A1MW021IG07IMF,Submitted,Wed Apr 17 19:21:25 PDT 2019,Wed Apr 17 19:25:08 PDT 2019,Thu May 02 19:25:08 PDT 2019,,,,223,100% (55/55),100% (55/55),100% (55/55),,Year: <b>2004</b>,,Developer: <b>Valve Corporation</b>,ESRB content rating: <b>M (for Mature)</b>,,Genres: <b>shooter</b>,Player perspective: <b>first person</b>,Has multiplayer: <b>no</b>,Platform: <b>PlayStation</b>,,,,Specifier: <b></b>,platforms,genres,release_year,esrb,player_perspective,hardest,confusing,fascinating,tearjerking,nauseating,What do you think is the hardest game available for the PlayStation?,Have you ever played a shooter video game that you found confusing?,"In 2004, was there any game released that you felt was fascinating?","Is there any game that, despite being M rated by the ESRB, you actually felt was tearjerking?",Has a first person perspective video game ever been nauseating for you?,,
3MZ3TAMYTL8KE2NGJ3EGWNZ4VQ5RIC,3ND6XU89DK84JDK980A3QLZ22F4NAP,Write 5 conversational responses about a video game based on its attributes and context (type: request; attributes: 2),"Produce dialogic utterances given specific attributes about video games, such as their name, genre and available platforms","dialog, video game, attributes, writing, entertainment, chat, conversation, creative",$0.40 ,Wed Apr 17 02:30:53 PDT 2019,1,BatchId:3610372;OriginalHitTemplateId:920937336;,3600,1296000,Thu Apr 18 02:30:53 PDT 2019,,,3LWJHTCVCD83EU4KVIOXCK8X3WSQFC,A1MW021IG07IMF,Submitted,Wed Apr 17 18:29:56 PDT 2019,Wed Apr 17 18:32:42 PDT 2019,Thu May 02 18:32:42 PDT 2019,,,,166,100% (55/55),100% (55/55),100% (55/55),,Year: <b>2005</b>,,Developer: <b>Firefly Studios</b>,ESRB content rating: <b>T (for Teen)</b>,,"Genres: <b>real-time strategy, simulation</b>",Player perspective: <b>bird view</b>,Has multiplayer: <b>yes</b>,Platform: <b>PC</b>,Available on Steam: <b>yes</b>,Has a Linux release: <b>no</b>,Has a Mac release: <b>no</b>,Specifier: <b></b>,platforms,genres,available_on_steam,developer,release_year,scary,other,latest,upcoming,underrated,What's a really scary game that you can get on the PC?,What other real-time strategy simulator have you played?,What's the name of the latest game you got on Steam?,What's the name of the upcoming game developed by Firefly Studios?,In your view what's the most underrated game that was released in 2005?,,
3R868ACW4SXFK23C3W8QXEONPUWZGL,3ND6XU89DK84JDK980A3QLZ22F4NAP,Write 5 conversational responses about a video game based on its attributes and context (type: request; attributes: 2),"Produce dialogic utterances given specific attributes about video games, such as their name, genre and available platforms","dialog, video game, attributes, writing, entertainment, chat, conversation, creative",$0.40 ,Wed Apr 17 02:30:53 PDT 2019,1,BatchId:3610372;OriginalHitTemplateId:920937336;,3600,1296000,Thu Apr 18 02:30:53 PDT 2019,,,3DIP6YHAPDE52C4SEDNR8B2XXQT8E5,A1MW021IG07IMF,Submitted,Wed Apr 17 19:03:24 PDT 2019,Wed Apr 17 19:06:46 PDT 2019,Thu May 02 19:06:46 PDT 2019,,,,202,100% (55/55),100% (55/55),100% (55/55),,Year: <b>2011</b>,,Developer: <b>EA Canada</b>,ESRB content rating: <b>E (for Everyone)</b>,,"Genres: <b>simulation, sport</b>",Player perspective: <b>bird view</b>,Has multiplayer: <b>yes</b>,Platform: <b>Xbox</b>,,,,Specifier: <b></b>,platforms,player_perspective,release_year,developer,genres,complex,calming,best looking,favorite,poorly balanced,Have you played any complex games on the Xbox lately?,"I was hoping to find a calming game played from a bird view perspective, is there any one you would suggest?",What would you say is the best looking game that came out in 2011?,What is your favorite game made by EA Canada?,Do you know of a sport simulator game out there that is rather poorly balanced?,,
3AC6MFV69K3TKYYNN2Q8IE0O4U9ZHK,3ND6XU89DK84JDK980A3QLZ22F4NAP,Write 5 conversational responses about a video game based on its attributes and context (type: request; attributes: 2),"Produce dialogic utterances given specific attributes about video games, such as their name, genre and available platforms","dialog, video game, attributes, writing, entertainment, chat, conversation, creative",$0.40 ,Wed Apr 17 02:30:53 PDT 2019,1,BatchId:3610372;OriginalHitTemplateId:920937336;,3600,1296000,Thu Apr 18 02:30:53 PDT 2019,,,3XC1O3LBOT826268YXLQC2O4K0ETL1,A1MW021IG07IMF,Submitted,Wed Apr 17 19:14:06 PDT 2019,Wed Apr 17 19:17:08 PDT 2019,Thu May 02 19:17:08 PDT 2019,,,,182,100% (55/55),100% (55/55),100% (55/55),,Year: <b>2017</b>,,Developer: <b>Guerrilla Games</b>,ESRB content rating: <b>T (for Teen)</b>,,"Genres: <b>action-adventure, role-playing, shooter</b>",Player perspective: <b>third person</b>,Has multiplayer: <b>no</b>,Platform: <b>PlayStation</b>,,,,Specifier: <b></b>,developer,release_year,platforms,has_multiplayer,genres,overrated,bizarre,relaxing,lengthy,gory,What would you say is the most overrated game made by Guerrilla Games?,Do you know of any bizarre games that came out in 2017?,"I'm looking for a relaxing game for the PlayStation, is there any game like that you know about?",Have you played any lengthy single player only games lately?,Do you know of any gory action-adventure shooters with role-playing elements?,,
3CMIQF80GNB49HDF4NGRUUZUQD96QX,3ND6XU89DK84JDK980A3QLZ22F4NAP,Write 5 conversational responses about a video game based on its attributes and context (type: request; attributes: 2),"Produce dialogic utterances given specific attributes about video games, such as their name, genre and available platforms","dialog, video game, attributes, writing, entertainment, chat, conversation, creative",$0.40 ,Wed Apr 17 02:30:53 PDT 2019,1,BatchId:3610372;OriginalHitTemplateId:920937336;,3600,1296000,Thu Apr 18 02:30:53 PDT 2019,,,3HOSI13XH0ACR1MJZQNNOLYD84NDDJ,A1MW021IG07IMF,Submitted,Wed Apr 17 18:24:24 PDT 2019,Wed Apr 17 18:27:33 PDT 2019,Thu May 02 18:27:33 PDT 2019,,,,189,100% (55/55),100% (55/55),100% (55/55),,Year: <b>2009</b>,,Developer: <b>Beenox</b>,ESRB content rating: <b>T (for Teen)</b>,,Genres: <b>music</b>,Player perspective: <b>first person</b>,Has multiplayer: <b>yes</b>,Platform: <b>Nintendo</b>,,,,Specifier: <b></b>,platforms,genres,player_perspective,release_year,has_multiplayer,beautiful,cheerful,exhilarating,other,fast-paced,What do you think is the most beautiful Nintendo game?,"I'm looking for a really cheerful music game, is there one you would recommend to me?","I'm looking for a game from a first person perspective that is really exhilarating, is there one you would recommend to me?",What other game from 2009 have you enjoyed?,What's a really fast-paced game with multiplayer that you like to play?,,
3OJX0UFJ0ZSJJTMUJ338O5NLJZMU90,3ND6XU89DK84JDK980A3QLZ22F4NAP,Write 5 conversational responses about a video game based on its attributes and context (type: request; attributes: 2),"Produce dialogic utterances given specific attributes about video games, such as their name, genre and available platforms","dialog, video game, attributes, writing, entertainment, chat, conversation, creative",$0.40 ,Wed Apr 17 02:30:53 PDT 2019,1,BatchId:3610372;OriginalHitTemplateId:920937336;,3600,1296000,Thu Apr 18 02:30:53 PDT 2019,,,3ZQIG0FLQF2XUOMW76S7MVT5FOUWV1,AGRKG3YT3KMD8,Submitted,Wed Apr 17 05:44:13 PDT 2019,Wed Apr 17 05:47:24 PDT 2019,Thu May 02 05:47:24 PDT 2019,,,,191,100% (16/16),100% (16/16),100% (16/16),,Year: <b>2017</b>,,Developer: <b>Red Entertainment Corporation</b>,,,Genres: <b>text adventure</b>,,Has multiplayer: <b>no</b>,Platform: <b>PC</b>,Available on Steam: <b>yes</b>,Has a Linux release: <b>no</b>,Has a Mac release: <b>no</b>,Specifier: <b></b>,has_linux_release,genres,has_multiplayer,platforms,developer,other,immersive,rewarding,quick-to-learn,newest,What other game have you played that works on Linux?,Have you ever encountered a really immersive text adventure game?,Do you know of a rewarding single-player game?,Can you recommend a quick-to-learn PC game that you tried recently?,What's the newest game from Red Entertainment Corporation that you've played?,,
3VJ4PFXFJ3SXOCWZB9H8K0Y5PH4UAF,3ND6XU89DK84JDK980A3QLZ22F4NAP,Write 5 conversational responses about a video game based on its attributes and context (type: request; attributes: 2),"Produce dialogic utterances given specific attributes about video games, such as their name, genre and available platforms","dialog, video game, attributes, writing, entertainment, chat, conversation, creative",$0.40 ,Wed Apr 17 02:30:53 PDT 2019,1,BatchId:3610372;OriginalHitTemplateId:920937336;,3600,1296000,Thu Apr 18 02:30:53 PDT 2019,,,3M0BCWMB8WIILAOQ2P17LJZYC0IBWM,A1MW021IG07IMF,Submitted,Wed Apr 17 18:40:00 PDT 2019,Wed Apr 17 18:44:33 PDT 2019,Thu May 02 18:44:33 PDT 2019,,,,273,100% (55/55),100% (55/55),100% (55/55),,Year: <b>2010</b>,,Developer: <b>Team17 Digital Ltd</b>,ESRB content rating: <b>E 10+ (for Everyone 10 and Older)</b>,,"Genres: <b>action, platformer, strategy</b>",Player perspective: <b>side view</b>,Has multiplayer: <b>yes</b>,Platform: <b>PC</b>,Available on Steam: <b>yes</b>,Has a Linux release: <b>yes</b>,Has a Mac release: <b>yes</b>,Specifier: <b></b>,available_on_steam,player_perspective,platforms,release_year,genres,challenging,other,buggy,controversial,fun,"Hey, is there any challenging game on Steam right now that you like?",Are there some other side view perspective games you would recommend?,Have you experienced any buggy PC games recently?,Was there any controversial game that came out in 2010?,Do you know of a fun action platformer with strategy elements?,,
3VQTAXTYN3627M1RHNH4FBIB7ZPUBA,3ND6XU89DK84JDK980A3QLZ22F4NAP,Write 5 conversational responses about a video game based on its attributes and context (type: request; attributes: 2),"Produce dialogic utterances given specific attributes about video games, such as their name, genre and available platforms","dialog, video game, attributes, writing, entertainment, chat, conversation, creative",$0.40 ,Wed Apr 17 02:30:53 PDT 2019,1,BatchId:3610372;OriginalHitTemplateId:920937336;,3600,1296000,Thu Apr 18 02:30:53 PDT 2019,,,3W92K5RLWV33H57CB55YWVGSVVV5V6,A1MW021IG07IMF,Submitted,Wed Apr 17 19:06:46 PDT 2019,Wed Apr 17 19:10:04 PDT 2019,Thu May 02 19:10:04 PDT 2019,,,,198,100% (55/55),100% (55/55),100% (55/55),,Year: <b>2017</b>,,Developer: <b>Ghost Games</b>,ESRB content rating: <b>T (for Teen)</b>,,Genres: <b>driving/racing</b>,Player perspective: <b>third person</b>,Has multiplayer: <b>yes</b>,Platform: <b>PlayStation</b>,,,,Specifier: <b></b>,genres,release_year,developer,platforms,player_perspective,complicated,unfair,exceptional,other,dynamic,What would you say is a good example of a complicated driving/racing game?,Was there any game you played from 2017 that you would say was unfair?,Is there a game made by Ghost Games that you found exceptional?,What other PlayStation game is there that you would recommend?,"I'm interested in playing a dynamic game with a third person perspective, do you know of any?",,
